Workbook

Sheet 00_Petunjuk
A1: Customer Population - Data Contoh
A2: Companion untuk Docs/CR/customer_population_installed_base.md - dibuat 30 Agustus 2026
A4: PERINGATAN | B4: Seluruh isi workbook ini adalah DATA FIKTIF yang dibuat untuk memperagakan rancangan. Nama perusahaan, serial, dan harga tidak merujuk entitas nyata mana pun.
A6: Tujuan | B6: Menunjukkan secara konkret bentuk data Customer Population, dan membuktikan bahwa mesin rekomendasi upsell (CR §9) benar-benar dapat dihitung dari data yang ada.
A8: Yang perlu diperhatikan
A9: - | B9: Sheet 07_Rekomendasi berisi FORMULA, bukan angka mati. Ubah interval di 05_Katalog_Servis atau tanggal di 01_Parameter, seluruh hasil ikut berubah.
A10: - | B10: Sheet 07 kolom 'attribution' memperagakan D-5: pelanggan dengan 4 unit identik mendapat 'fleet_estimated', bukan tebakan per unit.
A11: - | B11: Sheet 02 + 03 memperagakan D-4: seluruh mesin Ayu Sentosa dimiliki partner ANAK (1002/1003), sedangkan portal user ter-map ke induk (1001).
A12: - | B12: Unit 414 sengaja tanpa serial dan tanpa tanggal pasang -- memperagakan kasus kualitas data yang nyata.
A13: - | B13: Part 1425 (Refrigerant) sengaja tanpa interval -- memperagakan §9.3 'interval kosong, lewati diam-diam'.
A14: - | B14: Model 898 (Vacuum Pump) sengaja tanpa katalog servis -- membuat cakupan katalog di sheet 09 tidak 100%.
A16: Legenda warna
A17: Teks biru | B17: Nilai input -- diisi/diubah manual.
A18: Teks hitam | B18: Hasil formula -- jangan diketik ulang.
A19: Latar kuning | B19: Sel parameter yang dimaksudkan untuk diubah pengguna.
A21: Daftar sheet
A22: 01_Parameter | B22: Tanggal perhitungan & ambang 'due soon'. Dua sel ini menggerakkan seluruh sheet 07.
A23: 02_Partner | B23: Hierarki partner Odoo -- dasar aturan scoping keluarga (D-4).
A24: 03_Equipment_Unit | B24: Registry L1: mesin milik pelanggan. Inti Customer Population.
A25: 04_Komponen_L2_L3 | B25: Pohon komponen as-built untuk 2 unit contoh.
A26: 05_Katalog_Servis | B26: MASTER DATA: interval, kompatibilitas, jalur upgrade. Tanpa ini tidak ada rekomendasi.
A27: 06_Riwayat_Beli_Part | B27: sale.order.line untuk sparepart -- sudah tersedia di sistem hari ini.
A28: 07_Rekomendasi | B28: OUTPUT mesin §9. Seluruh kolom turunan adalah formula.
A29: 08_Kamus_Data | B29: Istilah client -> field Odoo -> field API. Cikal bakal Data Dictionary (dok #6).
A30: 09_Metrik_Kualitas_Data | B30: Metrik §19 dihitung dari sheet lain, lengkap dengan ambang batasnya.
A31: 10_Template_Import_Equipment | B31: Template kosong untuk entri/import manual unit.
A32: 11_Template_Import_Katalog | B32: Template kosong untuk import katalog servis.

Sheet 01_Parameter
A1: Parameter Perhitungan
A2: Dua sel kuning di bawah menggerakkan seluruh kolom turunan di sheet 07_Rekomendasi.
A4: Parameter | B4: Nilai | C4: Keterangan
A5: Tanggal perhitungan | B5: 46264 | C5: Acuan 'hari ini'. Di sistem nyata ini adalah tanggal server, bukan sel.
A6: Ambang 'due soon' (hari) | B6: 60 | C6: Jatuh tempo dalam N hari ke depan ditandai due_soon (CR §9.1).
A8: ASUMSI YANG DIPAKAI WORKBOOK INI
A9: 1. Interval penggantian dihitung dari BULAN. Interval berbasis jam operasi ada di katalog tetapi belum dipakai di sheet 07, karena runtime_hours belum terisi pada sebagian unit.
A10: 2. Sebuah part yang merupakan TARGET supersession dan belum pernah dibeli pelanggan dianggap belum terpasang, sehingga tidak menghasilkan baris rekomendasi.
A11: -> Aturan ini BELUM ada di CR §9.3. Rekomendasi: tambahkan ke CR sebagai kasus tepi ke-7.
A12: 3. Riwayat pembelian diambil di level entitas komersial (commercial_partner_id), bukan per site, sesuai D-4.

Sheet 02_Partner
A1: Hierarki Partner Odoo
A2: Memperagakan D-4: mesin berdiri di partner ANAK, sementara portal user ter-map ke INDUK.
A4: partner_id | B4: Nama | C4: parent_partner_id | D4: commercial_partner_id | E4: Tipe | F4: Catatan
A5: 1001 | B5: PT Ayu Sentosa Sejahtera | D5: 1001 | E5: company | F5: Induk komersial. Portal user ter-map ke SINI.
A6: 1002 | B6: Ayu Sentosa - Plant Cikarang | C6: 1001 | D6: 1001 | E6: delivery | F6: Mesin fisik berdiri di sini, BUKAN di 1001. Inilah alasan D-4.
A7: 1003 | B7: Ayu Sentosa - Plant Karawang | C7: 1001 | D7: 1001 | E7: delivery | F7: Idem.
A8: 2001 | B8: PT Bina Nusantara Manufaktur | D8: 2001 | E8: company | F8: Induk komersial.
A9: 2002 | B9: Bina Nusantara - Pabrik Gresik | C9: 2001 | D9: 2001 | E9: delivery | F9: Site pengiriman.
A10: 3001 | B10: CV Cahaya Logam Perkasa | D10: 3001 | E10: company | F10: Tanpa partner anak -- pencocokan persis kebetulan berhasil di sini.
A12: Kalau scoping memakai partner PERSIS (1001), pelanggan Ayu Sentosa akan melihat NOL mesin -- padahal ia punya 7 unit.
A13: Inilah kegagalan UAT yang dicegah D-4. Ekspansi keluarga memakai OdooPartnerService.findFamilyIds yang sudah ada di repo.

Sheet 03_Equipment_Unit
A1: Registry Installed Base - Lapis 1 (Unit)
A2: Inti 'Customer Population'. Di produksi ini adalah maintenance.equipment di Odoo, bukan tabel portal (D-2 / IB-3).
A4: equipment_id | B4: Nama Unit | C4: serial_number | D4: owner_partner_id | E4: owner_partner_name | F4: commercial_partner_id | G4: model_product_id | H4: model_name | I4: category_id | J4: category_name | K4: install_date | L4: warranty_end | M4: location | N4: status | O4: runtime_hours | P4: source_order | Q4: source_picking
A5: 401 | B5: Compressor GA-75 #1 | C5: GA75-2019-0441 | D5: 1002 | E5: =INDEX('02_Partner'!$B$5:$B$10,MATCH($D5,'02_Partner'!$A$5:$A$10,0)) | F5: =INDEX('02_Partner'!$D$5:$D$10,MATCH($D5,'02_Partner'!$A$5:$A$10,0)) | G5: 880 | H5: Atlas GA-75 | I5: 5 | J5: Air Compressor | K5: 43771 | L5: 44502 | M5: Plant Cikarang - Utility A | N5: active | O5: 24800 | P5: SO2019/0412 | Q5: WH/OUT/00821
A6: 402 | B6: Compressor GA-75 #2 | C6: GA75-2019-0442 | D6: 1002 | E6: =INDEX('02_Partner'!$B$5:$B$10,MATCH($D6,'02_Partner'!$A$5:$A$10,0)) | F6: =INDEX('02_Partner'!$D$5:$D$10,MATCH($D6,'02_Partner'!$A$5:$A$10,0)) | G6: 880 | H6: Atlas GA-75 | I6: 5 | J6: Air Compressor | K6: 43771 | L6: 44502 | M6: Plant Cikarang - Utility A | N6: active | O6: 23900 | P6: SO2019/0412 | Q6: WH/OUT/00821
A7: 403 | B7: Compressor GA-75 #3 | C7: GA75-2019-0447 | D7: 1002 | E7: =INDEX('02_Partner'!$B$5:$B$10,MATCH($D7,'02_Partner'!$A$5:$A$10,0)) | F7: =INDEX('02_Partner'!$D$5:$D$10,MATCH($D7,'02_Partner'!$A$5:$A$10,0)) | G7: 880 | H7: Atlas GA-75 | I7: 5 | J7: Air Compressor | K7: 43771 | L7: 44502 | M7: Plant Cikarang - Utility B | N7: active | O7: 21400 | P7: SO2019/0412 | Q7: WH/OUT/00821
A8: 404 | B8: Compressor GA-75 #4 | C8: GA75-2021-0912 | D8: 1003 | E8: =INDEX('02_Partner'!$B$5:$B$10,MATCH($D8,'02_Partner'!$A$5:$A$10,0)) | F8: =INDEX('02_Partner'!$D$5:$D$10,MATCH($D8,'02_Partner'!$A$5:$A$10,0)) | G8: 880 | H8: Atlas GA-75 | I8: 5 | J8: Air Compressor | K8: 44362 | L8: 45092 | M8: Plant Karawang - Utility | N8: active | O8: 12300 | P8: SO2021/0198 | Q8: WH/OUT/01344
A9: 405 | B9: Compressor GA-110 #1 | C9: GA110-2022-0031 | D9: 1003 | E9: =INDEX('02_Partner'!$B$5:$B$10,MATCH($D9,'02_Partner'!$A$5:$A$10,0)) | F9: =INDEX('02_Partner'!$D$5:$D$10,MATCH($D9,'02_Partner'!$A$5:$A$10,0)) | G9: 881 | H9: Atlas GA-110 | I9: 5 | J9: Air Compressor | K9: 44630 | L9: 45361 | M9: Plant Karawang - Utility | N9: active | O9: 9800 | P9: SO2022/0077 | Q9: WH/OUT/01590
A10: 406 | B10: Hydraulic Power Unit #1 | C10: HPU30-2020-0155 | D10: 1002 | E10: =INDEX('02_Partner'!$B$5:$B$10,MATCH($D10,'02_Partner'!$A$5:$A$10,0)) | F10: =INDEX('02_Partner'!$D$5:$D$10,MATCH($D10,'02_Partner'!$A$5:$A$10,0)) | G10: 890 | H10: HPU-30 | I10: 7 | J10: Hydraulic | K10: 44044 | L10: 44774 | M10: Plant Cikarang - Line 3 | N10: active | O10: 15600 | P10: SO2020/0533 | Q10: WH/OUT/01011
A11: 407 | B11: Compressor GA-75 #5 | C11: GA75-2018-0210 | D11: 1002 | E11: =INDEX('02_Partner'!$B$5:$B$10,MATCH($D11,'02_Partner'!$A$5:$A$10,0)) | F11: =INDEX('02_Partner'!$D$5:$D$10,MATCH($D11,'02_Partner'!$A$5:$A$10,0)) | G11: 880 | H11: Atlas GA-75 | I11: 5 | J11: Air Compressor | K11: 43210 | L11: 43941 | M11: Plant Cikarang - Gudang | N11: decommissioned | O11: 41200 | P11: SO2018/0155 | Q11: WH/OUT/00512
A12: 410 | B12: Compressor GA-110 #1 | C12: GA110-2023-0077 | D12: 2002 | E12: =INDEX('02_Partner'!$B$5:$B$10,MATCH($D12,'02_Partner'!$A$5:$A$10,0)) | F12: =INDEX('02_Partner'!$D$5:$D$10,MATCH($D12,'02_Partner'!$A$5:$A$10,0)) | G12: 881 | H12: Atlas GA-110 | I12: 5 | J12: Air Compressor | K12: 45174 | L12: 45905 | M12: Gresik - Utility | N12: active | O12: 7200 | P12: SO2023/0344 | Q12: WH/OUT/02010
A13: 411 | B13: Chiller WC-200 #1 | C13: WC200-2022-0044 | D13: 2002 | E13: =INDEX('02_Partner'!$B$5:$B$10,MATCH($D13,'02_Partner'!$A$5:$A$10,0)) | F13: =INDEX('02_Partner'!$D$5:$D$10,MATCH($D13,'02_Partner'!$A$5:$A$10,0)) | G13: 895 | H13: Chiller WC-200 | I13: 9 | J13: Chiller | K13: 44896 | L13: 45627 | M13: Gresik - Proses A | N13: active | P13: SO2022/0501 | Q13: WH/OUT/01788
A14: 412 | B14: Chiller WC-200 #2 | C14: WC200-2022-0045 | D14: 2002 | E14: =INDEX('02_Partner'!$B$5:$B$10,MATCH($D14,'02_Partner'!$A$5:$A$10,0)) | F14: =INDEX('02_Partner'!$D$5:$D$10,MATCH($D14,'02_Partner'!$A$5:$A$10,0)) | G14: 895 | H14: Chiller WC-200 | I14: 9 | J14: Chiller | K14: 44896 | L14: 45627 | M14: Gresik - Proses A | N14: active | P14: SO2022/0501 | Q14: WH/OUT/01788
A15: 413 | B15: Hydraulic Power Unit #1 | C15: HPU30-2024-0301 | D15: 2002 | E15: =INDEX('02_Partner'!$B$5:$B$10,MATCH($D15,'02_Partner'!$A$5:$A$10,0)) | F15: =INDEX('02_Partner'!$D$5:$D$10,MATCH($D15,'02_Partner'!$A$5:$A$10,0)) | G15: 890 | H15: HPU-30 | I15: 7 | J15: Hydraulic | K15: 45336 | L15: 46067 | M15: Gresik - Line 1 | N15: active | O15: 4100 | P15: SO2024/0088 | Q15: WH/OUT/02233
A16: 414 | B16: Compressor GA-75 (belum terverifikasi) | D16: 2002 | E16: =INDEX('02_Partner'!$B$5:$B$10,MATCH($D16,'02_Partner'!$A$5:$A$10,0)) | F16: =INDEX('02_Partner'!$D$5:$D$10,MATCH($D16,'02_Partner'!$A$5:$A$10,0)) | G16: 880 | H16: Atlas GA-75 | I16: 5 | J16: Air Compressor | M16: Gresik - (belum dipetakan) | N16: active
A17: 420 | B17: Compressor GA-75 #1 | C17: GA75-2020-0688 | D17: 3001 | E17: =INDEX('02_Partner'!$B$5:$B$10,MATCH($D17,'02_Partner'!$A$5:$A$10,0)) | F17: =INDEX('02_Partner'!$D$5:$D$10,MATCH($D17,'02_Partner'!$A$5:$A$10,0)) | G17: 880 | H17: Atlas GA-75 | I17: 5 | J17: Air Compressor | K17: 44042 | L17: 44772 | M17: Workshop Utama | N17: active | O17: 18200 | P17: SO2020/0399 | Q17: WH/OUT/00944
A18: 421 | B18: Hydraulic Power Unit #1 | C18: HPU30-2019-0099 | D18: 3001 | E18: =INDEX('02_Partner'!$B$5:$B$10,MATCH($D18,'02_Partner'!$A$5:$A$10,0)) | F18: =INDEX('02_Partner'!$D$5:$D$10,MATCH($D18,'02_Partner'!$A$5:$A$10,0)) | G18: 890 | H18: HPU-30 | I18: 7 | J18: Hydraulic | K18: 43597 | L18: 44328 | M18: Workshop Utama | N18: idle | O18: 9100 | P18: SO2019/0201 | Q18: WH/OUT/00655
A19: 422 | B19: Chiller WC-200 #1 | C19: WC200-2025-0120 | D19: 3001 | E19: =INDEX('02_Partner'!$B$5:$B$10,MATCH($D19,'02_Partner'!$A$5:$A$10,0)) | F19: =INDEX('02_Partner'!$D$5:$D$10,MATCH($D19,'02_Partner'!$A$5:$A$10,0)) | G19: 895 | H19: Chiller WC-200 | I19: 9 | J19: Chiller | K19: 45981 | L19: 46711 | M19: Workshop Utama | N19: active | P19: SO2025/0710 | Q19: WH/OUT/02901
A20: 423 | B20: Vacuum Pump VP-40 #1 | C20: VP40-2023-0210 | D20: 3001 | E20: =INDEX('02_Partner'!$B$5:$B$10,MATCH($D20,'02_Partner'!$A$5:$A$10,0)) | F20: =INDEX('02_Partner'!$D$5:$D$10,MATCH($D20,'02_Partner'!$A$5:$A$10,0)) | G20: 898 | H20: Vacuum Pump VP-40 | I20: 11 | J20: Vacuum Pump | K20: 45034 | L20: 45765 | M20: Workshop Utama | N20: active | O20: 6400 | P20: SO2023/0155 | Q20: WH/OUT/01955
A22: CATATAN KUALITAS DATA (sengaja dibuat tidak sempurna, karena data nyata memang begitu):
A23: Unit 414 tanpa serial dan tanpa install_date -- hasil pengiriman lama tanpa tracking lot. Ia tetap tampil di registry, tetapi hanya menghasilkan rekomendasi untuk part yang pernah dibeli.
A24: Unit 407 decommissioned dan 421 idle -- keduanya TIDAK menghasilkan rekomendasi apa pun (CR §9 langkah 1).
A25: Kolom E dan F adalah formula (hitam): commercial_partner_id diturunkan, bukan diketik.

Sheet 04_Komponen_L2_L3
A1: Pohon Komponen As-Built - Lapis 2 & 3
A2: Hanya komponen ber-SKU yang masuk (D-3). Baut dan sub-komponen tanpa SKU sengaja tidak ada di sini.
A4: component_id | B4: parent_id | C4: Lapis | D4: Nama Komponen | E4: product_id | F4: product_name | G4: install_date | H4: Catatan
A5: 4031 | B5: 403 | C5: L2 | D5: Airend Module | E5: 2001 | F5: Airend Assembly GA-75 | G5: 43771
A6: 40311 | B6: 4031 | C6: L3 | D6: Air Filter Element AF-75 | E6: 1180 | F6: Air Filter Element AF-75 | G6: 45975 | H6: Terpasang dari SO2025/0512
A7: 40312 | B7: 4031 | C7: L3 | D7: Oil Separator OS-75 | E7: 1182 | F7: Oil Separator OS-75 | G7: 45598 | H7: Terpasang dari SO2024/0781
A8: 4032 | B8: 403 | C8: L2 | D8: Drive Module | E8: 2002 | F8: Drive Assembly GA-75 | G8: 43771
A9: 40321 | B9: 4032 | C9: L3 | D9: Drive Belt DB-75 | E9: 1190 | F9: Drive Belt DB-75 | G9: 45078 | H9: Terpasang dari SO2023/0455
A10: 40322 | B10: 4032 | C10: L3 | D10: Coupling Element CE-75 | E10: 1192 | F10: Coupling Element CE-75 | G10: 43771 | H10: Masih bawaan pabrik
A11: 4033 | B11: 403 | C11: L2 | D11: Control Panel | E11: 2003 | F11: Control Panel GA-75 | G11: 43771
A12: 4111 | B12: 411 | C12: L2 | D12: Condenser Module | E12: 2010 | F12: Condenser Assembly WC-200 | G12: 44896
A13: 41111 | B13: 4111 | C13: L3 | D13: Chiller Water Filter CWF-200 | E13: 1420 | F13: Chiller Water Filter CWF-200 | G13: 46063 | H13: Terpasang dari SO2026/0055
A15: Setiap baris L3 punya product_id -- inilah penegakan D-3 yang bisa diperiksa mesin (CR §16).
A16: Unit 403 dipakai sebagai contoh lengkap; unit 411 contoh ringkas. Di produksi, pohon ini diambil dengan SATU query batch, bukan loop per unit (CR §15.1).

Sheet 05_Katalog_Servis
A1: Master Data Katalog Servis
A2: TEMUAN 2 pada CR: tanpa sheet ini, registry selengkap apa pun menghasilkan NOL rekomendasi upsell.
A4: part_product_id | B4: part_name | C4: is_wear_part | D4: interval_months | E4: interval_hours | F4: applies_to_category_id | G4: applies_to_product_id | H4: superseded_by_id | I4: superseded_by_name | J4: supersession_note
A5: 1180 | B5: Air Filter Element AF-75 | C5: TRUE | D5: 6 | E5: 2000 | F5: 5 | H5: 1450 | I5: Air Filter Element AF-75HD | J5: Media HD: interval 12 bulan (dari 6). Hemat 1x penggantian per tahun.
A6: 1450 | B6: Air Filter Element AF-75HD | C6: TRUE | D6: 12 | E6: 4000 | F6: 5
A7: 1182 | B7: Oil Separator OS-75 | C7: TRUE | D7: 12 | E7: 4000 | F7: 5
A8: 1185 | B8: Compressor Oil ROTO-XTEND 20L | C8: TRUE | D8: 12 | E8: 4000 | F8: 5
A9: 1190 | B9: Drive Belt DB-75 | C9: TRUE | D9: 24 | G9: 880
A10: 1192 | B10: Coupling Element CE-75 | C10: TRUE | D10: 36 | F10: 5
A11: 1310 | B11: Hydraulic Filter HF-30 | C11: TRUE | D11: 6 | E11: 1500 | F11: 7
A12: 1315 | B12: Hydraulic Oil HLP-46 200L | C12: TRUE | D12: 12 | E12: 3000 | F12: 7
A13: 1420 | B13: Chiller Water Filter CWF-200 | C13: TRUE | D13: 4 | F13: 9
A14: 1425 | B14: Refrigerant R-134a 13.6kg | C14: FALSE | F14: 9
A16: Part 1425 (Refrigerant) sengaja tanpa interval: ia spare cadangan, bukan wear part. Mesin rekomendasi melewatinya diam-diam tetapi menghitungnya ke metrik cakupan katalog (CR §9.3).
A17: Pasangan 1180 -> 1450 adalah jalur UPGRADE yang diminta benefit #2 client. Kolom supersession_note adalah talking point yang dipakai sales.
A18: Kompatibilitas level kategori (kolom F) murah dan mencakup banyak; level produk (kolom G) presisi tetapi mahal dipelihara. Part 1190 sengaja memakai level produk.

Sheet 06_Riwayat_Beli_Part
A1: Riwayat Pembelian Sparepart
A2: sale.order.line -- SATU-SATUNYA dari tiga bahan mesin rekomendasi yang sudah tersedia di sistem hari ini.
A4: line_id | B4: commercial_partner_id | C4: partner_name | D4: order_ref | E4: order_date | F4: part_product_id | G4: part_name | H4: qty | I4: price_unit (IDR) | J4: state
A5: 9001 | B5: 1001 | C5: PT Ayu Sentosa Sejahtera | D5: SO2022/0288 | E5: 44691 | F5: 1180 | G5: Air Filter Element AF-75 | H5: 4 | I5: 1150000 | J5: sale
A6: 9002 | B6: 1001 | C6: PT Ayu Sentosa Sejahtera | D6: SO2023/0455 | E6: 45078 | F6: 1190 | G6: Drive Belt DB-75 | H6: 2 | I6: 1850000 | J6: done
A7: 9003 | B7: 1001 | C7: PT Ayu Sentosa Sejahtera | D7: SO2024/0781 | E7: 45598 | F7: 1182 | G7: Oil Separator OS-75 | H7: 3 | I7: 4200000 | J7: done
A8: 9004 | B8: 1001 | C8: PT Ayu Sentosa Sejahtera | D8: SO2025/0390 | E8: 45901 | F8: 1315 | G8: Hydraulic Oil HLP-46 200L | H8: 1 | I8: 8400000 | J8: done
A9: 9005 | B9: 1001 | C9: PT Ayu Sentosa Sejahtera | D9: SO2025/0512 | E9: 45975 | F9: 1180 | G9: Air Filter Element AF-75 | H9: 4 | I9: 1250000 | J9: done
A10: 9006 | B10: 1001 | C10: PT Ayu Sentosa Sejahtera | D10: SO2026/0133 | E10: 46101 | F10: 1185 | G10: Compressor Oil ROTO-XTEND 20L | H10: 6 | I10: 2750000 | J10: done
A11: 9007 | B11: 1001 | C11: PT Ayu Sentosa Sejahtera | D11: SO2026/0201 | E11: 46137 | F11: 1310 | G11: Hydraulic Filter HF-30 | H11: 2 | I11: 980000 | J11: sale
A12: 9010 | B12: 2001 | C12: PT Bina Nusantara Manufaktur | D12: SO2024/0910 | E12: 45570 | F12: 1182 | G12: Oil Separator OS-75 | H12: 1 | I12: 4200000 | J12: done
A13: 9011 | B13: 2001 | C13: PT Bina Nusantara Manufaktur | D13: SO2025/0620 | E13: 45887 | F13: 1425 | G13: Refrigerant R-134a 13.6kg | H13: 2 | I13: 3900000 | J13: done
A14: 9012 | B14: 2001 | C14: PT Bina Nusantara Manufaktur | D14: SO2026/0055 | E14: 46063 | F14: 1420 | G14: Chiller Water Filter CWF-200 | H14: 4 | I14: 675000 | J14: done
A15: 9013 | B15: 2001 | C15: PT Bina Nusantara Manufaktur | D15: SO2026/0298 | E15: 46205 | F15: 1180 | G15: Air Filter Element AF-75 | H15: 2 | I15: 1250000 | J15: sale
A16: 9020 | B16: 3001 | C16: CV Cahaya Logam Perkasa | D16: SO2024/0333 | E16: 45373 | F16: 1310 | G16: Hydraulic Filter HF-30 | H16: 1 | I16: 980000 | J16: done
A17: 9021 | B17: 3001 | C17: CV Cahaya Logam Perkasa | D17: SO2026/0245 | E17: 46188 | F17: 1180 | G17: Air Filter Element AF-75 | H17: 1 | I17: 1250000 | J17: done
A19: Ayu Sentosa membeli AF-75 dua kali (2022 dan 2025). Mesin rekomendasi memakai yang TERAKHIR -- lihat formula kolom H sheet 07.
A20: Pembelian tercatat di level entitas komersial dan tidak membawa referensi unit. Inilah akar D-5: pembelian tidak bisa ditautkan ke satu mesin tertentu.

Sheet 07_Rekomendasi
A1: Output Mesin Rekomendasi (CR §9)
A2: Seluruh kolom turunan adalah FORMULA. Ubah 01_Parameter atau 05_Katalog_Servis, dan sheet ini ikut berubah.
A4: equipment_id | B4: equipment_name | C4: commercial_partner_id | D4: model_product_id | E4: part_product_id | F4: part_name | G4: interval_months | H4: last_purchase_date | I4: install_date | J4: basis | K4: basis_date | L4: due_date | M4: days_overdue | N4: status | O4: unit_count_model | P4: attribution | Q4: attribution_note | R4: upgrade_part_id | S4: upgrade_part_name | T4: upgrade_note
A5: 401 | B5: =INDEX('03_Equipment_Unit'!$B$5:$B$20,MATCH($A5,'03_Equipment_Unit'!$A$5:$A$20,0)) | C5: =INDEX('03_Equipment_Unit'!$F$5:$F$20,MATCH($A5,'03_Equipment_Unit'!$A$5:$A$20,0)) | D5: =INDEX('03_Equipment_Unit'!$G$5:$G$20,MATCH($A5,'03_Equipment_Unit'!$A$5:$A$20,0)) | E5: 1180 | F5: =INDEX('05_Katalog_Servis'!$B$5:$B$14,MATCH($E5,'05_Katalog_Servis'!$A$5:$A$14,0)) | G5: =INDEX('05_Katalog_Servis'!$D$5:$D$14,MATCH($E5,'05_Katalog_Servis'!$A$5:$A$14,0)) | H5: =SUMPRODUCT(MAX(('06_Riwayat_Beli_Part'!$B$5:$B$17=$C5)*('06_Riwayat_Beli_Part'!$F$5:$F$17=$E5)*'06_Riwayat_Beli_Part'!$E$5:$E$17)) | I5: =INDEX('03_Equipment_Unit'!$K$5:$K$20,MATCH($A5,'03_Equipment_Unit'!$A$5:$A$20,0)) | J5: =IF($H5=0,"install_date","last_purchase") | K5: =IF($H5=0,$I5,$H5) | L5: =EDATE($K5,$G5) | M5: =IF($L5<'01_Parameter'!$B$5,'01_Parameter'!$B$5-$L5,0) | N5: =IF($L5<'01_Parameter'!$B$5,"overdue",IF($L5<='01_Parameter'!$B$5+'01_Parameter'!$B$6,"due_soon","ok")) | O5: =COUNTIFS('03_Equipment_Unit'!$F$5:$F$20,$C5,'03_Equipment_Unit'!$G$5:$G$20,$D5,'03_Equipment_Unit'!$N$5:$N$20,"active") | P5: =IF($O5>1,"fleet_estimated","unit") | Q5: =IF($O5>1,"Pelanggan memiliki "&$O5&" unit aktif model ini; pembelian tidak dapat ditautkan ke unit tertentu -- sampaikan sebagai perkiraan.","Atribusi pasti: hanya 1 unit aktif dengan model ini.") | R5: =IF(INDEX('05_Katalog_Servis'!$H$5:$H$14,MATCH($E5,'05_Katalog_Servis'!$A$5:$A$14,0))=0,"",INDEX('05_Katalog_Servis'!$H$5:$H$14,MATCH($E5,'05_Katalog_Servis'!$A$5:$A$14,0))) | S5: =IF(INDEX('05_Katalog_Servis'!$H$5:$H$14,MATCH($E5,'05_Katalog_Servis'!$A$5:$A$14,0))=0,"",INDEX('05_Katalog_Servis'!$I$5:$I$14,MATCH($E5,'05_Katalog_Servis'!$A$5:$A$14,0))) | T5: =IF(INDEX('05_Katalog_Servis'!$H$5:$H$14,MATCH($E5,'05_Katalog_Servis'!$A$5:$A$14,0))=0,"",INDEX('05_Katalog_Servis'!$J$5:$J$14,MATCH($E5,'05_Katalog_Servis'!$A$5:$A$14,0)))
A6: 401 | B6: =INDEX('03_Equipment_Unit'!$B$5:$B$20,MATCH($A6,'03_Equipment_Unit'!$A$5:$A$20,0)) | C6: =INDEX('03_Equipment_Unit'!$F$5:$F$20,MATCH($A6,'03_Equipment_Unit'!$A$5:$A$20,0)) | D6: =INDEX('03_Equipment_Unit'!$G$5:$G$20,MATCH($A6,'03_Equipment_Unit'!$A$5:$A$20,0)) | E6: 1182 | F6: =INDEX('05_Katalog_Servis'!$B$5:$B$14,MATCH($E6,'05_Katalog_Servis'!$A$5:$A$14,0)) | G6: =INDEX('05_Katalog_Servis'!$D$5:$D$14,MATCH($E6,'05_Katalog_Servis'!$A$5:$A$14,0)) | H6: =SUMPRODUCT(MAX(('06_Riwayat_Beli_Part'!$B$5:$B$17=$C6)*('06_Riwayat_Beli_Part'!$F$5:$F$17=$E6)*'06_Riwayat_Beli_Part'!$E$5:$E$17)) | I6: =INDEX('03_Equipment_Unit'!$K$5:$K$20,MATCH($A6,'03_Equipment_Unit'!$A$5:$A$20,0)) | J6: =IF($H6=0,"install_date","last_purchase") | K6: =IF($H6=0,$I6,$H6) | L6: =EDATE($K6,$G6) | M6: =IF($L6<'01_Parameter'!$B$5,'01_Parameter'!$B$5-$L6,0) | N6: =IF($L6<'01_Parameter'!$B$5,"overdue",IF($L6<='01_Parameter'!$B$5+'01_Parameter'!$B$6,"due_soon","ok")) | O6: =COUNTIFS('03_Equipment_Unit'!$F$5:$F$20,$C6,'03_Equipment_Unit'!$G$5:$G$20,$D6,'03_Equipment_Unit'!$N$5:$N$20,"active") | P6: =IF($O6>1,"fleet_estimated","unit") | Q6: =IF($O6>1,"Pelanggan memiliki "&$O6&" unit aktif model ini; pembelian tidak dapat ditautkan ke unit tertentu -- sampaikan sebagai perkiraan.","Atribusi pasti: hanya 1 unit aktif dengan model ini.") | R6: =IF(INDEX('05_Katalog_Servis'!$H$5:$H$14,MATCH($E6,'05_Katalog_Servis'!$A$5:$A$14,0))=0,"",INDEX('05_Katalog_Servis'!$H$5:$H$14,MATCH($E6,'05_Katalog_Servis'!$A$5:$A$14,0))) | S6: =IF(INDEX('05_Katalog_Servis'!$H$5:$H$14,MATCH($E6,'05_Katalog_Servis'!$A$5:$A$14,0))=0,"",INDEX('05_Katalog_Servis'!$I$5:$I$14,MATCH($E6,'05_Katalog_Servis'!$A$5:$A$14,0))) | T6: =IF(INDEX('05_Katalog_Servis'!$H$5:$H$14,MATCH($E6,'05_Katalog_Servis'!$A$5:$A$14,0))=0,"",INDEX('05_Katalog_Servis'!$J$5:$J$14,MATCH($E6,'05_Katalog_Servis'!$A$5:$A$14,0)))
A7: 401 | B7: =INDEX('03_Equipment_Unit'!$B$5:$B$20,MATCH($A7,'03_Equipment_Unit'!$A$5:$A$20,0)) | C7: =INDEX('03_Equipment_Unit'!$F$5:$F$20,MATCH($A7,'03_Equipment_Unit'!$A$5:$A$20,0)) | D7: =INDEX('03_Equipment_Unit'!$G$5:$G$20,MATCH($A7,'03_Equipment_Unit'!$A$5:$A$20,0)) | E7: 1185 | F7: =INDEX('05_Katalog_Servis'!$B$5:$B$14,MATCH($E7,'05_Katalog_Servis'!$A$5:$A$14,0)) | G7: =INDEX('05_Katalog_Servis'!$D$5:$D$14,MATCH($E7,'05_Katalog_Servis'!$A$5:$A$14,0)) | H7: =SUMPRODUCT(MAX(('06_Riwayat_Beli_Part'!$B$5:$B$17=$C7)*('06_Riwayat_Beli_Part'!$F$5:$F$17=$E7)*'06_Riwayat_Beli_Part'!$E$5:$E$17)) | I7: =INDEX('03_Equipment_Unit'!$K$5:$K$20,MATCH($A7,'03_Equipment_Unit'!$A$5:$A$20,0)) | J7: =IF($H7=0,"install_date","last_purchase") | K7: =IF($H7=0,$I7,$H7) | L7: =EDATE($K7,$G7) | M7: =IF($L7<'01_Parameter'!$B$5,'01_Parameter'!$B$5-$L7,0) | N7: =IF($L7<'01_Parameter'!$B$5,"overdue",IF($L7<='01_Parameter'!$B$5+'01_Parameter'!$B$6,"due_soon","ok")) | O7: =COUNTIFS('03_Equipment_Unit'!$F$5:$F$20,$C7,'03_Equipment_Unit'!$G$5:$G$20,$D7,'03_Equipment_Unit'!$N$5:$N$20,"active") | P7: =IF($O7>1,"fleet_estimated","unit") | Q7: =IF($O7>1,"Pelanggan memiliki "&$O7&" unit aktif model ini; pembelian tidak dapat ditautkan ke unit tertentu -- sampaikan sebagai perkiraan.","Atribusi pasti: hanya 1 unit aktif dengan model ini.") | R7: =IF(INDEX('05_Katalog_Servis'!$H$5:$H$14,MATCH($E7,'05_Katalog_Servis'!$A$5:$A$14,0))=0,"",INDEX('05_Katalog_Servis'!$H$5:$H$14,MATCH($E7,'05_Katalog_Servis'!$A$5:$A$14,0))) | S7: =IF(INDEX('05_Katalog_Servis'!$H$5:$H$14,MATCH($E7,'05_Katalog_Servis'!$A$5:$A$14,0))=0,"",INDEX('05_Katalog_Servis'!$I$5:$I$14,MATCH($E7,'05_Katalog_Servis'!$A$5:$A$14,0))) | T7: =IF(INDEX('05_Katalog_Servis'!$H$5:$H$14,MATCH($E7,'05_Katalog_Servis'!$A$5:$A$14,0))=0,"",INDEX('05_Katalog_Servis'!$J$5:$J$14,MATCH($E7,'05_Katalog_Servis'!$A$5:$A$14,0)))
A8: 401 | B8: =INDEX('03_Equipment_Unit'!$B$5:$B$20,MATCH($A8,'03_Equipment_Unit'!$A$5:$A$20,0)) | C8: =INDEX('03_Equipment_Unit'!$F$5:$F$20,MATCH($A8,'03_Equipment_Unit'!$A$5:$A$20,0)) | D8: =INDEX('03_Equipment_Unit'!$G$5:$G$20,MATCH($A8,'03_Equipment_Unit'!$A$5:$A$20,0)) | E8: 1190 | F8: =INDEX('05_Katalog_Servis'!$B$5:$B$14,MATCH($E8,'05_Katalog_Servis'!$A$5:$A$14,0)) | G8: =INDEX('05_Katalog_Servis'!$D$5:$D$14,MATCH($E8,'05_Katalog_Servis'!$A$5:$A$14,0)) | H8: =SUMPRODUCT(MAX(('06_Riwayat_Beli_Part'!$B$5:$B$17=$C8)*('06_Riwayat_Beli_Part'!$F$5:$F$17=$E8)*'06_Riwayat_Beli_Part'!$E$5:$E$17)) | I8: =INDEX('03_Equipment_Unit'!$K$5:$K$20,MATCH($A8,'03_Equipment_Unit'!$A$5:$A$20,0)) | J8: =IF($H8=0,"install_date","last_purchase") | K8: =IF($H8=0,$I8,$H8) | L8: =EDATE($K8,$G8) | M8: =IF($L8<'01_Parameter'!$B$5,'01_Parameter'!$B$5-$L8,0) | N8: =IF($L8<'01_Parameter'!$B$5,"overdue",IF($L8<='01_Parameter'!$B$5+'01_Parameter'!$B$6,"due_soon","ok")) | O8: =COUNTIFS('03_Equipment_Unit'!$F$5:$F$20,$C8,'03_Equipment_Unit'!$G$5:$G$20,$D8,'03_Equipment_Unit'!$N$5:$N$20,"active") | P8: =IF($O8>1,"fleet_estimated","unit") | Q8: =IF($O8>1,"Pelanggan memiliki "&$O8&" unit aktif model ini; pembelian tidak dapat ditautkan ke unit tertentu -- sampaikan sebagai perkiraan.","Atribusi pasti: hanya 1 unit aktif dengan model ini.") | R8: =IF(INDEX('05_Katalog_Servis'!$H$5:$H$14,MATCH($E8,'05_Katalog_Servis'!$A$5:$A$14,0))=0,"",INDEX('05_Katalog_Servis'!$H$5:$H$14,MATCH($E8,'05_Katalog_Servis'!$A$5:$A$14,0))) | S8: =IF(INDEX('05_Katalog_Servis'!$H$5:$H$14,MATCH($E8,'05_Katalog_Servis'!$A$5:$A$14,0))=0,"",INDEX('05_Katalog_Servis'!$I$5:$I$14,MATCH($E8,'05_Katalog_Servis'!$A$5:$A$14,0))) | T8: =IF(INDEX('05_Katalog_Servis'!$H$5:$H$14,MATCH($E8,'05_Katalog_Servis'!$A$5:$A$14,0))=0,"",INDEX('05_Katalog_Servis'!$J$5:$J$14,MATCH($E8,'05_Katalog_Servis'!$A$5:$A$14,0)))
A9: 401 | B9: =INDEX('03_Equipment_Unit'!$B$5:$B$20,MATCH($A9,'03_Equipment_Unit'!$A$5:$A$20,0)) | C9: =INDEX('03_Equipment_Unit'!$F$5:$F$20,MATCH($A9,'03_Equipment_Unit'!$A$5:$A$20,0)) | D9: =INDEX('03_Equipment_Unit'!$G$5:$G$20,MATCH($A9,'03_Equipment_Unit'!$A$5:$A$20,0)) | E9: 1192 | F9: =INDEX('05_Katalog_Servis'!$B$5:$B$14,MATCH($E9,'05_Katalog_Servis'!$A$5:$A$14,0)) | G9: =INDEX('05_Katalog_Servis'!$D$5:$D$14,MATCH($E9,'05_Katalog_Servis'!$A$5:$A$14,0)) | H9: =SUMPRODUCT(MAX(('06_Riwayat_Beli_Part'!$B$5:$B$17=$C9)*('06_Riwayat_Beli_Part'!$F$5:$F$17=$E9)*'06_Riwayat_Beli_Part'!$E$5:$E$17)) | I9: =INDEX('03_Equipment_Unit'!$K$5:$K$20,MATCH($A9,'03_Equipment_Unit'!$A$5:$A$20,0)) | J9: =IF($H9=0,"install_date","last_purchase") | K9: =IF($H9=0,$I9,$H9) | L9: =EDATE($K9,$G9) | M9: =IF($L9<'01_Parameter'!$B$5,'01_Parameter'!$B$5-$L9,0) | N9: =IF($L9<'01_Parameter'!$B$5,"overdue",IF($L9<='01_Parameter'!$B$5+'01_Parameter'!$B$6,"due_soon","ok")) | O9: =COUNTIFS('03_Equipment_Unit'!$F$5:$F$20,$C9,'03_Equipment_Unit'!$G$5:$G$20,$D9,'03_Equipment_Unit'!$N$5:$N$20,"active") | P9: =IF($O9>1,"fleet_estimated","unit") | Q9: =IF($O9>1,"Pelanggan memiliki "&$O9&" unit aktif model ini; pembelian tidak dapat ditautkan ke unit tertentu -- sampaikan sebagai perkiraan.","Atribusi pasti: hanya 1 unit aktif dengan model ini.") | R9: =IF(INDEX('05_Katalog_Servis'!$H$5:$H$14,MATCH($E9,'05_Katalog_Servis'!$A$5:$A$14,0))=0,"",INDEX('05_Katalog_Servis'!$H$5:$H$14,MATCH($E9,'05_Katalog_Servis'!$A$5:$A$14,0))) | S9: =IF(INDEX('05_Katalog_Servis'!$H$5:$H$14,MATCH($E9,'05_Katalog_Servis'!$A$5:$A$14,0))=0,"",INDEX('05_Katalog_Servis'!$I$5:$I$14,MATCH($E9,'05_Katalog_Servis'!$A$5:$A$14,0))) | T9: =IF(INDEX('05_Katalog_Servis'!$H$5:$H$14,MATCH($E9,'05_Katalog_Servis'!$A$5:$A$14,0))=0,"",INDEX('05_Katalog_Servis'!$J$5:$J$14,MATCH($E9,'05_Katalog_Servis'!$A$5:$A$14,0)))
A10: 402 | B10: =INDEX('03_Equipment_Unit'!$B$5:$B$20,MATCH($A10,'03_Equipment_Unit'!$A$5:$A$20,0)) | C10: =INDEX('03_Equipment_Unit'!$F$5:$F$20,MATCH($A10,'03_Equipment_Unit'!$A$5:$A$20,0)) | D10: =INDEX('03_Equipment_Unit'!$G$5:$G$20,MATCH($A10,'03_Equipment_Unit'!$A$5:$A$20,0)) | E10: 1180 | F10: =INDEX('05_Katalog_Servis'!$B$5:$B$14,MATCH($E10,'05_Katalog_Servis'!$A$5:$A$14,0)) | G10: =INDEX('05_Katalog_Servis'!$D$5:$D$14,MATCH($E10,'05_Katalog_Servis'!$A$5:$A$14,0)) | H10: =SUMPRODUCT(MAX(('06_Riwayat_Beli_Part'!$B$5:$B$17=$C10)*('06_Riwayat_Beli_Part'!$F$5:$F$17=$E10)*'06_Riwayat_Beli_Part'!$E$5:$E$17)) | I10: =INDEX('03_Equipment_Unit'!$K$5:$K$20,MATCH($A10,'03_Equipment_Unit'!$A$5:$A$20,0)) | J10: =IF($H10=0,"install_date","last_purchase") | K10: =IF($H10=0,$I10,$H10) | L10: =EDATE($K10,$G10) | M10: =IF($L10<'01_Parameter'!$B$5,'01_Parameter'!$B$5-$L10,0) | N10: =IF($L10<'01_Parameter'!$B$5,"overdue",IF($L10<='01_Parameter'!$B$5+'01_Parameter'!$B$6,"due_soon","ok")) | O10: =COUNTIFS('03_Equipment_Unit'!$F$5:$F$20,$C10,'03_Equipment_Unit'!$G$5:$G$20,$D10,'03_Equipment_Unit'!$N$5:$N$20,"active") | P10: =IF($O10>1,"fleet_estimated","unit") | Q10: =IF($O10>1,"Pelanggan memiliki "&$O10&" unit aktif model ini; pembelian tidak dapat ditautkan ke unit tertentu -- sampaikan sebagai perkiraan.","Atribusi pasti: hanya 1 unit aktif dengan model ini.") | R10: =IF(INDEX('05_Katalog_Servis'!$H$5:$H$14,MATCH($E10,'05_Katalog_Servis'!$A$5:$A$14,0))=0,"",INDEX('05_Katalog_Servis'!$H$5:$H$14,MATCH($E10,'05_Katalog_Servis'!$A$5:$A$14,0))) | S10: =IF(INDEX('05_Katalog_Servis'!$H$5:$H$14,MATCH($E10,'05_Katalog_Servis'!$A$5:$A$14,0))=0,"",INDEX('05_Katalog_Servis'!$I$5:$I$14,MATCH($E10,'05_Katalog_Servis'!$A$5:$A$14,0))) | T10: =IF(INDEX('05_Katalog_Servis'!$H$5:$H$14,MATCH($E10,'05_Katalog_Servis'!$A$5:$A$14,0))=0,"",INDEX('05_Katalog_Servis'!$J$5:$J$14,MATCH($E10,'05_Katalog_Servis'!$A$5:$A$14,0)))
A11: 402 | B11: =INDEX('03_Equipment_Unit'!$B$5:$B$20,MATCH($A11,'03_Equipment_Unit'!$A$5:$A$20,0)) | C11: =INDEX('03_Equipment_Unit'!$F$5:$F$20,MATCH($A11,'03_Equipment_Unit'!$A$5:$A$20,0)) | D11: =INDEX('03_Equipment_Unit'!$G$5:$G$20,MATCH($A11,'03_Equipment_Unit'!$A$5:$A$20,0)) | E11: 1182 | F11: =INDEX('05_Katalog_Servis'!$B$5:$B$14,MATCH($E11,'05_Katalog_Servis'!$A$5:$A$14,0)) | G11: =INDEX('05_Katalog_Servis'!$D$5:$D$14,MATCH($E11,'05_Katalog_Servis'!$A$5:$A$14,0)) | H11: =SUMPRODUCT(MAX(('06_Riwayat_Beli_Part'!$B$5:$B$17=$C11)*('06_Riwayat_Beli_Part'!$F$5:$F$17=$E11)*'06_Riwayat_Beli_Part'!$E$5:$E$17)) | I11: =INDEX('03_Equipment_Unit'!$K$5:$K$20,MATCH($A11,'03_Equipment_Unit'!$A$5:$A$20,0)) | J11: =IF($H11=0,"install_date","last_purchase") | K11: =IF($H11=0,$I11,$H11) | L11: =EDATE($K11,$G11) | M11: =IF($L11<'01_Parameter'!$B$5,'01_Parameter'!$B$5-$L11,0) | N11: =IF($L11<'01_Parameter'!$B$5,"overdue",IF($L11<='01_Parameter'!$B$5+'01_Parameter'!$B$6,"due_soon","ok")) | O11: =COUNTIFS('03_Equipment_Unit'!$F$5:$F$20,$C11,'03_Equipment_Unit'!$G$5:$G$20,$D11,'03_Equipment_Unit'!$N$5:$N$20,"active") | P11: =IF($O11>1,"fleet_estimated","unit") | Q11: =IF($O11>1,"Pelanggan memiliki "&$O11&" unit aktif model ini; pembelian tidak dapat ditautkan ke unit tertentu -- sampaikan sebagai perkiraan.","Atribusi pasti: hanya 1 unit aktif dengan model ini.") | R11: =IF(INDEX('05_Katalog_Servis'!$H$5:$H$14,MATCH($E11,'05_Katalog_Servis'!$A$5:$A$14,0))=0,"",INDEX('05_Katalog_Servis'!$H$5:$H$14,MATCH($E11,'05_Katalog_Servis'!$A$5:$A$14,0))) | S11: =IF(INDEX('05_Katalog_Servis'!$H$5:$H$14,MATCH($E11,'05_Katalog_Servis'!$A$5:$A$14,0))=0,"",INDEX('05_Katalog_Servis'!$I$5:$I$14,MATCH($E11,'05_Katalog_Servis'!$A$5:$A$14,0))) | T11: =IF(INDEX('05_Katalog_Servis'!$H$5:$H$14,MATCH($E11,'05_Katalog_Servis'!$A$5:$A$14,0))=0,"",INDEX('05_Katalog_Servis'!$J$5:$J$14,MATCH($E11,'05_Katalog_Servis'!$A$5:$A$14,0)))
A12: 402 | B12: =INDEX('03_Equipment_Unit'!$B$5:$B$20,MATCH($A12,'03_Equipment_Unit'!$A$5:$A$20,0)) | C12: =INDEX('03_Equipment_Unit'!$F$5:$F$20,MATCH($A12,'03_Equipment_Unit'!$A$5:$A$20,0)) | D12: =INDEX('03_Equipment_Unit'!$G$5:$G$20,MATCH($A12,'03_Equipment_Unit'!$A$5:$A$20,0)) | E12: 1185 | F12: =INDEX('05_Katalog_Servis'!$B$5:$B$14,MATCH($E12,'05_Katalog_Servis'!$A$5:$A$14,0)) | G12: =INDEX('05_Katalog_Servis'!$D$5:$D$14,MATCH($E12,'05_Katalog_Servis'!$A$5:$A$14,0)) | H12: =SUMPRODUCT(MAX(('06_Riwayat_Beli_Part'!$B$5:$B$17=$C12)*('06_Riwayat_Beli_Part'!$F$5:$F$17=$E12)*'06_Riwayat_Beli_Part'!$E$5:$E$17)) | I12: =INDEX('03_Equipment_Unit'!$K$5:$K$20,MATCH($A12,'03_Equipment_Unit'!$A$5:$A$20,0)) | J12: =IF($H12=0,"install_date","last_purchase") | K12: =IF($H12=0,$I12,$H12) | L12: =EDATE($K12,$G12) | M12: =IF($L12<'01_Parameter'!$B$5,'01_Parameter'!$B$5-$L12,0) | N12: =IF($L12<'01_Parameter'!$B$5,"overdue",IF($L12<='01_Parameter'!$B$5+'01_Parameter'!$B$6,"due_soon","ok")) | O12: =COUNTIFS('03_Equipment_Unit'!$F$5:$F$20,$C12,'03_Equipment_Unit'!$G$5:$G$20,$D12,'03_Equipment_Unit'!$N$5:$N$20,"active") | P12: =IF($O12>1,"fleet_estimated","unit") | Q12: =IF($O12>1,"Pelanggan memiliki "&$O12&" unit aktif model ini; pembelian tidak dapat ditautkan ke unit tertentu -- sampaikan sebagai perkiraan.","Atribusi pasti: hanya 1 unit aktif dengan model ini.") | R12: =IF(INDEX('05_Katalog_Servis'!$H$5:$H$14,MATCH($E12,'05_Katalog_Servis'!$A$5:$A$14,0))=0,"",INDEX('05_Katalog_Servis'!$H$5:$H$14,MATCH($E12,'05_Katalog_Servis'!$A$5:$A$14,0))) | S12: =IF(INDEX('05_Katalog_Servis'!$H$5:$H$14,MATCH($E12,'05_Katalog_Servis'!$A$5:$A$14,0))=0,"",INDEX('05_Katalog_Servis'!$I$5:$I$14,MATCH($E12,'05_Katalog_Servis'!$A$5:$A$14,0))) | T12: =IF(INDEX('05_Katalog_Servis'!$H$5:$H$14,MATCH($E12,'05_Katalog_Servis'!$A$5:$A$14,0))=0,"",INDEX('05_Katalog_Servis'!$J$5:$J$14,MATCH($E12,'05_Katalog_Servis'!$A$5:$A$14,0)))
A13: 402 | B13: =INDEX('03_Equipment_Unit'!$B$5:$B$20,MATCH($A13,'03_Equipment_Unit'!$A$5:$A$20,0)) | C13: =INDEX('03_Equipment_Unit'!$F$5:$F$20,MATCH($A13,'03_Equipment_Unit'!$A$5:$A$20,0)) | D13: =INDEX('03_Equipment_Unit'!$G$5:$G$20,MATCH($A13,'03_Equipment_Unit'!$A$5:$A$20,0)) | E13: 1190 | F13: =INDEX('05_Katalog_Servis'!$B$5:$B$14,MATCH($E13,'05_Katalog_Servis'!$A$5:$A$14,0)) | G13: =INDEX('05_Katalog_Servis'!$D$5:$D$14,MATCH($E13,'05_Katalog_Servis'!$A$5:$A$14,0)) | H13: =SUMPRODUCT(MAX(('06_Riwayat_Beli_Part'!$B$5:$B$17=$C13)*('06_Riwayat_Beli_Part'!$F$5:$F$17=$E13)*'06_Riwayat_Beli_Part'!$E$5:$E$17)) | I13: =INDEX('03_Equipment_Unit'!$K$5:$K$20,MATCH($A13,'03_Equipment_Unit'!$A$5:$A$20,0)) | J13: =IF($H13=0,"install_date","last_purchase") | K13: =IF($H13=0,$I13,$H13) | L13: =EDATE($K13,$G13) | M13: =IF($L13<'01_Parameter'!$B$5,'01_Parameter'!$B$5-$L13,0) | N13: =IF($L13<'01_Parameter'!$B$5,"overdue",IF($L13<='01_Parameter'!$B$5+'01_Parameter'!$B$6,"due_soon","ok")) | O13: =COUNTIFS('03_Equipment_Unit'!$F$5:$F$20,$C13,'03_Equipment_Unit'!$G$5:$G$20,$D13,'03_Equipment_Unit'!$N$5:$N$20,"active") | P13: =IF($O13>1,"fleet_estimated","unit") | Q13: =IF($O13>1,"Pelanggan memiliki "&$O13&" unit aktif model ini; pembelian tidak dapat ditautkan ke unit tertentu -- sampaikan sebagai perkiraan.","Atribusi pasti: hanya 1 unit aktif dengan model ini.") | R13: =IF(INDEX('05_Katalog_Servis'!$H$5:$H$14,MATCH($E13,'05_Katalog_Servis'!$A$5:$A$14,0))=0,"",INDEX('05_Katalog_Servis'!$H$5:$H$14,MATCH($E13,'05_Katalog_Servis'!$A$5:$A$14,0))) | S13: =IF(INDEX('05_Katalog_Servis'!$H$5:$H$14,MATCH($E13,'05_Katalog_Servis'!$A$5:$A$14,0))=0,"",INDEX('05_Katalog_Servis'!$I$5:$I$14,MATCH($E13,'05_Katalog_Servis'!$A$5:$A$14,0))) | T13: =IF(INDEX('05_Katalog_Servis'!$H$5:$H$14,MATCH($E13,'05_Katalog_Servis'!$A$5:$A$14,0))=0,"",INDEX('05_Katalog_Servis'!$J$5:$J$14,MATCH($E13,'05_Katalog_Servis'!$A$5:$A$14,0)))
A14: 402 | B14: =INDEX('03_Equipment_Unit'!$B$5:$B$20,MATCH($A14,'03_Equipment_Unit'!$A$5:$A$20,0)) | C14: =INDEX('03_Equipment_Unit'!$F$5:$F$20,MATCH($A14,'03_Equipment_Unit'!$A$5:$A$20,0)) | D14: =INDEX('03_Equipment_Unit'!$G$5:$G$20,MATCH($A14,'03_Equipment_Unit'!$A$5:$A$20,0)) | E14: 1192 | F14: =INDEX('05_Katalog_Servis'!$B$5:$B$14,MATCH($E14,'05_Katalog_Servis'!$A$5:$A$14,0)) | G14: =INDEX('05_Katalog_Servis'!$D$5:$D$14,MATCH($E14,'05_Katalog_Servis'!$A$5:$A$14,0)) | H14: =SUMPRODUCT(MAX(('06_Riwayat_Beli_Part'!$B$5:$B$17=$C14)*('06_Riwayat_Beli_Part'!$F$5:$F$17=$E14)*'06_Riwayat_Beli_Part'!$E$5:$E$17)) | I14: =INDEX('03_Equipment_Unit'!$K$5:$K$20,MATCH($A14,'03_Equipment_Unit'!$A$5:$A$20,0)) | J14: =IF($H14=0,"install_date","last_purchase") | K14: =IF($H14=0,$I14,$H14) | L14: =EDATE($K14,$G14) | M14: =IF($L14<'01_Parameter'!$B$5,'01_Parameter'!$B$5-$L14,0) | N14: =IF($L14<'01_Parameter'!$B$5,"overdue",IF($L14<='01_Parameter'!$B$5+'01_Parameter'!$B$6,"due_soon","ok")) | O14: =COUNTIFS('03_Equipment_Unit'!$F$5:$F$20,$C14,'03_Equipment_Unit'!$G$5:$G$20,$D14,'03_Equipment_Unit'!$N$5:$N$20,"active") | P14: =IF($O14>1,"fleet_estimated","unit") | Q14: =IF($O14>1,"Pelanggan memiliki "&$O14&" unit aktif model ini; pembelian tidak dapat ditautkan ke unit tertentu -- sampaikan sebagai perkiraan.","Atribusi pasti: hanya 1 unit aktif dengan model ini.") | R14: =IF(INDEX('05_Katalog_Servis'!$H$5:$H$14,MATCH($E14,'05_Katalog_Servis'!$A$5:$A$14,0))=0,"",INDEX('05_Katalog_Servis'!$H$5:$H$14,MATCH($E14,'05_Katalog_Servis'!$A$5:$A$14,0))) | S14: =IF(INDEX('05_Katalog_Servis'!$H$5:$H$14,MATCH($E14,'05_Katalog_Servis'!$A$5:$A$14,0))=0,"",INDEX('05_Katalog_Servis'!$I$5:$I$14,MATCH($E14,'05_Katalog_Servis'!$A$5:$A$14,0))) | T14: =IF(INDEX('05_Katalog_Servis'!$H$5:$H$14,MATCH($E14,'05_Katalog_Servis'!$A$5:$A$14,0))=0,"",INDEX('05_Katalog_Servis'!$J$5:$J$14,MATCH($E14,'05_Katalog_Servis'!$A$5:$A$14,0)))
A15: 403 | B15: =INDEX('03_Equipment_Unit'!$B$5:$B$20,MATCH($A15,'03_Equipment_Unit'!$A$5:$A$20,0)) | C15: =INDEX('03_Equipment_Unit'!$F$5:$F$20,MATCH($A15,'03_Equipment_Unit'!$A$5:$A$20,0)) | D15: =INDEX('03_Equipment_Unit'!$G$5:$G$20,MATCH($A15,'03_Equipment_Unit'!$A$5:$A$20,0)) | E15: 1180 | F15: =INDEX('05_Katalog_Servis'!$B$5:$B$14,MATCH($E15,'05_Katalog_Servis'!$A$5:$A$14,0)) | G15: =INDEX('05_Katalog_Servis'!$D$5:$D$14,MATCH($E15,'05_Katalog_Servis'!$A$5:$A$14,0)) | H15: =SUMPRODUCT(MAX(('06_Riwayat_Beli_Part'!$B$5:$B$17=$C15)*('06_Riwayat_Beli_Part'!$F$5:$F$17=$E15)*'06_Riwayat_Beli_Part'!$E$5:$E$17)) | I15: =INDEX('03_Equipment_Unit'!$K$5:$K$20,MATCH($A15,'03_Equipment_Unit'!$A$5:$A$20,0)) | J15: =IF($H15=0,"install_date","last_purchase") | K15: =IF($H15=0,$I15,$H15) | L15: =EDATE($K15,$G15) | M15: =IF($L15<'01_Parameter'!$B$5,'01_Parameter'!$B$5-$L15,0) | N15: =IF($L15<'01_Parameter'!$B$5,"overdue",IF($L15<='01_Parameter'!$B$5+'01_Parameter'!$B$6,"due_soon","ok")) | O15: =COUNTIFS('03_Equipment_Unit'!$F$5:$F$20,$C15,'03_Equipment_Unit'!$G$5:$G$20,$D15,'03_Equipment_Unit'!$N$5:$N$20,"active") | P15: =IF($O15>1,"fleet_estimated","unit") | Q15: =IF($O15>1,"Pelanggan memiliki "&$O15&" unit aktif model ini; pembelian tidak dapat ditautkan ke unit tertentu -- sampaikan sebagai perkiraan.","Atribusi pasti: hanya 1 unit aktif dengan model ini.") | R15: =IF(INDEX('05_Katalog_Servis'!$H$5:$H$14,MATCH($E15,'05_Katalog_Servis'!$A$5:$A$14,0))=0,"",INDEX('05_Katalog_Servis'!$H$5:$H$14,MATCH($E15,'05_Katalog_Servis'!$A$5:$A$14,0))) | S15: =IF(INDEX('05_Katalog_Servis'!$H$5:$H$14,MATCH($E15,'05_Katalog_Servis'!$A$5:$A$14,0))=0,"",INDEX('05_Katalog_Servis'!$I$5:$I$14,MATCH($E15,'05_Katalog_Servis'!$A$5:$A$14,0))) | T15: =IF(INDEX('05_Katalog_Servis'!$H$5:$H$14,MATCH($E15,'05_Katalog_Servis'!$A$5:$A$14,0))=0,"",INDEX('05_Katalog_Servis'!$J$5:$J$14,MATCH($E15,'05_Katalog_Servis'!$A$5:$A$14,0)))
A16: 403 | B16: =INDEX('03_Equipment_Unit'!$B$5:$B$20,MATCH($A16,'03_Equipment_Unit'!$A$5:$A$20,0)) | C16: =INDEX('03_Equipment_Unit'!$F$5:$F$20,MATCH($A16,'03_Equipment_Unit'!$A$5:$A$20,0)) | D16: =INDEX('03_Equipment_Unit'!$G$5:$G$20,MATCH($A16,'03_Equipment_Unit'!$A$5:$A$20,0)) | E16: 1182 | F16: =INDEX('05_Katalog_Servis'!$B$5:$B$14,MATCH($E16,'05_Katalog_Servis'!$A$5:$A$14,0)) | G16: =INDEX('05_Katalog_Servis'!$D$5:$D$14,MATCH($E16,'05_Katalog_Servis'!$A$5:$A$14,0)) | H16: =SUMPRODUCT(MAX(('06_Riwayat_Beli_Part'!$B$5:$B$17=$C16)*('06_Riwayat_Beli_Part'!$F$5:$F$17=$E16)*'06_Riwayat_Beli_Part'!$E$5:$E$17)) | I16: =INDEX('03_Equipment_Unit'!$K$5:$K$20,MATCH($A16,'03_Equipment_Unit'!$A$5:$A$20,0)) | J16: =IF($H16=0,"install_date","last_purchase") | K16: =IF($H16=0,$I16,$H16) | L16: =EDATE($K16,$G16) | M16: =IF($L16<'01_Parameter'!$B$5,'01_Parameter'!$B$5-$L16,0) | N16: =IF($L16<'01_Parameter'!$B$5,"overdue",IF($L16<='01_Parameter'!$B$5+'01_Parameter'!$B$6,"due_soon","ok")) | O16: =COUNTIFS('03_Equipment_Unit'!$F$5:$F$20,$C16,'03_Equipment_Unit'!$G$5:$G$20,$D16,'03_Equipment_Unit'!$N$5:$N$20,"active") | P16: =IF($O16>1,"fleet_estimated","unit") | Q16: =IF($O16>1,"Pelanggan memiliki "&$O16&" unit aktif model ini; pembelian tidak dapat ditautkan ke unit tertentu -- sampaikan sebagai perkiraan.","Atribusi pasti: hanya 1 unit aktif dengan model ini.") | R16: =IF(INDEX('05_Katalog_Servis'!$H$5:$H$14,MATCH($E16,'05_Katalog_Servis'!$A$5:$A$14,0))=0,"",INDEX('05_Katalog_Servis'!$H$5:$H$14,MATCH($E16,'05_Katalog_Servis'!$A$5:$A$14,0))) | S16: =IF(INDEX('05_Katalog_Servis'!$H$5:$H$14,MATCH($E16,'05_Katalog_Servis'!$A$5:$A$14,0))=0,"",INDEX('05_Katalog_Servis'!$I$5:$I$14,MATCH($E16,'05_Katalog_Servis'!$A$5:$A$14,0))) | T16: =IF(INDEX('05_Katalog_Servis'!$H$5:$H$14,MATCH($E16,'05_Katalog_Servis'!$A$5:$A$14,0))=0,"",INDEX('05_Katalog_Servis'!$J$5:$J$14,MATCH($E16,'05_Katalog_Servis'!$A$5:$A$14,0)))
... A46: 422 | B46: =INDEX('03_Equipment_Unit'!$B$5:$B$20,MATCH($A46,'03_Equipment_Unit'!$A$5:$A$20,0)) | C46: =INDEX('03_Equipment_Unit'!$F$5:$F$20,MATCH($A46,'03_Equipment_Unit'!$A$5:$A$20,0)) | D46: =INDEX('03_Equipment_Unit'!$G$5:$G$20,MATCH($A46,'03_Equipment_Unit'!$A$5:$A$20,0)) | E46: 1420 | F46: =INDEX('05_Katalog_Servis'!$B$5:$B$14,MATCH($E46,'05_Katalog_Servis'!$A$5:$A$14,0)) | G46: =INDEX('05_Katalog_Servis'!$D$5:$D$14,MATCH($E46,'05_Katalog_Servis'!$A$5:$A$14,0)) | H46: =SUMPRODUCT(MAX(('06_Riwayat_Beli_Part'!$B$5:$B$17=$C46)*('06_Riwayat_Beli_Part'!$F$5:$F$17=$E46)*'06_Riwayat_Beli_Part'!$E$5:$E$17)) | I46: =INDEX('03_Equipment_Unit'!$K$5:$K$20,MATCH($A46,'03_Equipment_Unit'!$A$5:$A$20,0)) | J46: =IF($H46=0,"install_date","last_purchase") | K46: =IF($H46=0,$I46,$H46) | L46: =EDATE($K46,$G46) | M46: =IF($L46<'01_Parameter'!$B$5,'01_Parameter'!$B$5-$L46,0) | N46: =IF($L46<'01_Parameter'!$B$5,"overdue",IF($L46<='01_Parameter'!$B$5+'01_Parameter'!$B$6,"due_soon","ok")) | O46: =COUNTIFS('03_Equipment_Unit'!$F$5:$F$20,$C46,'03_Equipment_Unit'!$G$5:$G$20,$D46,'03_Equipment_Unit'!$N$5:$N$20,"active") | P46: =IF($O46>1,"fleet_estimated","unit") | Q46: =IF($O46>1,"Pelanggan memiliki "&$O46&" unit aktif model ini; pembelian tidak dapat ditautkan ke unit tertentu -- sampaikan sebagai perkiraan.","Atribusi pasti: hanya 1 unit aktif dengan model ini.") | R46: =IF(INDEX('05_Katalog_Servis'!$H$5:$H$14,MATCH($E46,'05_Katalog_Servis'!$A$5:$A$14,0))=0,"",INDEX('05_Katalog_Servis'!$H$5:$H$14,MATCH($E46,'05_Katalog_Servis'!$A$5:$A$14,0))) | S46: =IF(INDEX('05_Katalog_Servis'!$H$5:$H$14,MATCH($E46,'05_Katalog_Servis'!$A$5:$A$14,0))=0,"",INDEX('05_Katalog_Servis'!$I$5:$I$14,MATCH($E46,'05_Katalog_Servis'!$A$5:$A$14,0))) | T46: =IF(INDEX('05_Katalog_Servis'!$H$5:$H$14,MATCH($E46,'05_Katalog_Servis'!$A$5:$A$14,0))=0,"",INDEX('05_Katalog_Servis'!$J$5:$J$14,MATCH($E46,'05_Katalog_Servis'!$A$5:$A$14,0)))
A48: IB-4: setiap baris WAJIB membawa basis (kolom J/K) dan attribution (kolom P/Q). Angka jatuh tempo tanpa asal-usul dilarang tampil di UI maupun jawaban asisten.
A49: Kolom H memakai SUMPRODUCT(MAX(...)) untuk mengambil tanggal pembelian TERAKHIR. Bernilai 0 -> ditampilkan 'belum pernah' -> basis jatuh ke install_date.
A50: Kolom O menghitung jumlah unit AKTIF dengan model sama milik entitas komersial yang sama. Lebih dari 1 -> attribution jadi fleet_estimated (D-5).
A51: Baris yang TIDAK ADA di sini juga bagian dari rancangan: unit non-aktif, part tanpa interval, dan kombinasi tanpa basis sama sekali (CR §9.3).

Sheet 08_Kamus_Data
A1: Kamus Data - Istilah Client ke Field Sistem
A2: Cikal bakal dokumen #6 pada CR §20. Mencegah aturan D-3 luntur pelan-pelan.
A4: Istilah client | B4: Entitas | C4: Field API portal | D4: Model Odoo | E4: Field Odoo | F4: Tipe | G4: Wajib | H4: Aturan / Catatan
A5: Customer population | B5: - | C5: GET /equipment | D5: maintenance.equipment | E5: - | F5: - | G5: - | H5: Istilah client. Di kode memakai domain 'equipment' (D-6).
A6: Mesin | B6: EquipmentUnit | C6: id | D6: maintenance.equipment | E6: id | F6: int | G6: Ya | H6: Unit level L1.
A7: Nomor seri | B7: EquipmentUnit | C7: serial_number | D7: maintenance.equipment | E7: serial_no | F7: string | G7: Ya | H7: Kunci identitas di lapangan; dasar backfill dari stock.lot.
A8: Pemilik mesin | B8: EquipmentUnit | C8: (tidak diekspos) | D8: maintenance.equipment | E8: x_studio_customer | F8: m2o res.partner | G8: Ya | H8: JANGAN memakai partner_id bawaan -- itu VENDOR (CR §6.2). Tidak pernah dikirim ke klien (IB-1).
A9: Tipe / model mesin | B9: EquipmentUnit | C9: model.product_id | D9: maintenance.equipment | E9: x_product_id | F9: m2o product | G9: Ya | H9: Kunci join ke katalog servis.
A10: Keluarga mesin | B10: EquipmentUnit | C10: category.id | D10: maintenance.equipment | E10: category_id | F10: m2o | G10: Ya | H10: Jalur kompatibilitas termurah.
A11: Tanggal pasang | B11: EquipmentUnit | C11: install_date | D11: maintenance.equipment | E11: x_install_date | F11: date | G11: Ya | H11: Titik nol interval bila part belum pernah dibeli. Sengaja BUKAN effective_date bawaan (CR §6.3).
A12: Lokasi mesin | B12: EquipmentUnit | C12: location | D12: maintenance.equipment | E12: location | F12: string | G12: Tidak | H12: Site/plant.
A13: Status mesin | B13: EquipmentUnit | C13: status | D13: maintenance.equipment | E13: x_status | F13: selection | G13: Ya | H13: active / idle / decommissioned. Non-active tidak menghasilkan rekomendasi.
A14: Jam operasi | B14: EquipmentUnit | C14: runtime_hours | D14: maintenance.equipment | E14: x_runtime_hours | F14: float | G14: Tidak | H14: Dasar interval berbasis jam. Kosong -> jatuh balik ke interval bulan.
A15: Sparepart / satuan terkecil | B15: Component (L3) | C15: components[] | D15: maintenance.equipment | E15: x_parent_equipment_id | F15: m2o self | G15: Tidak | H15: D-3: hanya masuk bila punya SKU sendiri.
... A22: Tingkat keyakinan | B22: Recommendation | C22: attribution | D22: - | E22: (dihitung) | F22: enum | G22: Ya | H22: unit | fleet_estimated. WAJIB ada dan WAJIB tampil di UI (D-5 / IB-4).

Sheet 09_Metrik_Kualitas_Data
A1: Metrik Kualitas Data (CR §19)
A2: Dihitung dengan formula dari sheet lain. Inilah sistem peringatan dini fitur ini.
A4: Metrik | B4: Nilai | C4: Ambang batas | D4: Status | E4: Cara hitung
A5: Total unit di registry | B5: =COUNTA('03_Equipment_Unit'!$A$5:$A$20) | E5: COUNTA atas equipment_id.
A6: Unit aktif | B6: =COUNTIF('03_Equipment_Unit'!$N$5:$N$20,"active") | E6: Hanya unit aktif yang menghasilkan rekomendasi.
A7: Unit punya serial | B7: =COUNTIF('03_Equipment_Unit'!$C$5:$C$20,"?*") | E7: Serial kosong = tidak bisa ditautkan ke klaim garansi maupun riwayat servis.
A8: Cakupan serial | B8: =B7/B5 | C8: 0.9 | D8: =IF($B8>=$C8,"LULUS","PERIKSA") | E8: Unit punya serial / total unit. Gate Fase 0 CR: di bawah 60% jangan lanjut.
A9: Unit punya install_date | B9: =COUNT('03_Equipment_Unit'!$K$5:$K$20) | E9: Tanpa install_date, part yang belum pernah dibeli tidak punya basis.
A10: Cakupan tanggal pasang | B10: =B9/B5 | C10: 0.85 | D10: =IF($B10>=$C10,"LULUS","PERIKSA") | E10: Unit punya install_date / total unit.
A11: Baris rekomendasi | B11: =COUNTA('07_Rekomendasi'!$A$5:$A$46) | E11: Total baris output mesin §9.
A12: Baris overdue | B12: =COUNTIF('07_Rekomendasi'!$N$5:$N$46,"overdue") | E12: Lead paling mendesak untuk sales.
A13: Baris due_soon | B13: =COUNTIF('07_Rekomendasi'!$N$5:$N$46,"due_soon") | E13: Lead untuk dijadwalkan.
A14: Rasio estimasi armada | B14: =COUNTIF('07_Rekomendasi'!$P$5:$P$46,"fleet_estimated")/B11 | E14: Dilaporkan, TIDAK ditarget. Angka tinggi berarti banyak rekomendasi harus disampaikan sebagai perkiraan (D-5).
A16: Cakupan katalog servis per model mesin
A17: model_product_id | B17: model_name | C17: category_id | D17: Jumlah unit | E17: Part berinterval
A18: 880 | B18: Atlas GA-75 | C18: 5 | D18: =COUNTIF('03_Equipment_Unit'!$G$5:$G$20,$A18) | E18: =COUNTIFS('05_Katalog_Servis'!$F$5:$F$14,$C18,'05_Katalog_Servis'!$D$5:$D$14,">0")+COUNTIFS('05_Katalog_Servis'!$G$5:$G$14,$A18,'05_Katalog_Servis'!$D$5:$D$14,">0")
A19: 881 | B19: Atlas GA-110 | C19: 5 | D19: =COUNTIF('03_Equipment_Unit'!$G$5:$G$20,$A19) | E19: =COUNTIFS('05_Katalog_Servis'!$F$5:$F$14,$C19,'05_Katalog_Servis'!$D$5:$D$14,">0")+COUNTIFS('05_Katalog_Servis'!$G$5:$G$14,$A19,'05_Katalog_Servis'!$D$5:$D$14,">0")
A20: 890 | B20: HPU-30 | C20: 7 | D20: =COUNTIF('03_Equipment_Unit'!$G$5:$G$20,$A20) | E20: =COUNTIFS('05_Katalog_Servis'!$F$5:$F$14,$C20,'05_Katalog_Servis'!$D$5:$D$14,">0")+COUNTIFS('05_Katalog_Servis'!$G$5:$G$14,$A20,'05_Katalog_Servis'!$D$5:$D$14,">0")
A21: 895 | B21: Chiller WC-200 | C21: 9 | D21: =COUNTIF('03_Equipment_Unit'!$G$5:$G$20,$A21) | E21: =COUNTIFS('05_Katalog_Servis'!$F$5:$F$14,$C21,'05_Katalog_Servis'!$D$5:$D$14,">0")+COUNTIFS('05_Katalog_Servis'!$G$5:$G$14,$A21,'05_Katalog_Servis'!$D$5:$D$14,">0")
A22: 898 | B22: Vacuum Pump VP-40 | C22: 11 | D22: =COUNTIF('03_Equipment_Unit'!$G$5:$G$20,$A22) | E22: =COUNTIFS('05_Katalog_Servis'!$F$5:$F$14,$C22,'05_Katalog_Servis'!$D$5:$D$14,">0")+COUNTIFS('05_Katalog_Servis'!$G$5:$G$14,$A22,'05_Katalog_Servis'!$D$5:$D$14,">0")
A23: Cakupan katalog servis | B23: =COUNTIF($E$18:$E$22,">0")/COUNTA($A$18:$A$22) | C23: 0.7 | D23: =IF($B23>=$C23,"LULUS","PERIKSA") | E23: Model dengan minimal 1 part berinterval / total model. Di bawah 30%: MATIKAN tampilan rekomendasi (CR §19).
A25: Vacuum Pump VP-40 sengaja tidak punya part berinterval -- itulah sebabnya cakupan katalog di bawah 100%.
A26: Di produksi, angka-angka ini dilaporkan bulanan. R-1 (master data tidak pernah terisi) adalah risiko tertinggi di CR, dan baris 'Cakupan katalog servis' adalah alat deteksi dininya.

Sheet 10_Template_Import_Equipment
A1: Template Entri / Import Unit
A2: Isi mulai baris 6. Baris 5 adalah CONTOH -- hapus sebelum dipakai.
A4: serial_number* | B4: nama_unit* | C4: owner_partner_id* | D4: model_product_id* | E4: category_id* | F4: install_date* | G4: warranty_end | H4: location | I4: status* | J4: runtime_hours | K4: source_order
A5: GA75-2026-1001 | B5: Compressor GA-75 #6 | C5: 1002 | D5: 880 | E5: 5 | F5: 46037 | G5: 46767 | H5: Plant Cikarang - Utility C | I5: active | J5: 0 | K5: SO2026/0410
A28: ATURAN PENGISIAN
A29: Kolom bertanda * wajib. Baris tanpa serial_number tetap boleh masuk, tetapi tandai di kolom location dan hitung ke metrik cakupan serial.
A30: owner_partner_id diisi partner SITE (anak), bukan induk komersial -- lihat sheet 02.
A31: status hanya boleh: active / idle / decommissioned.
A32: install_date = tanggal commissioning di site pelanggan, BUKAN tanggal invoice.
A33: Jangan menambah komponen tanpa SKU ke template ini (D-3).

Sheet 11_Template_Import_Katalog
A1: Template Import Katalog Servis
A2: Isi mulai baris 6. Baris 5 adalah CONTOH -- hapus sebelum dipakai. Ini master data, bukan data pelanggan.
A4: part_product_id* | B4: part_name* | C4: is_wear_part* | D4: interval_months | E4: interval_hours | F4: applies_to_category_id | G4: applies_to_product_id | H4: superseded_by_id | I4: supersession_note
A5: 1195 | B5: Intake Valve Kit IV-75 | C5: TRUE | D5: 24 | E5: 8000 | F5: 5
A28: ATURAN PENGISIAN
A29: Minimal salah satu dari interval_months / interval_hours harus terisi, KECUALI is_wear_part = FALSE.
A30: Isi applies_to_category_id (murah, mencakup satu keluarga mesin) lebih dulu; pakai applies_to_product_id hanya bila part benar-benar spesifik satu model.
A31: superseded_by_id diisi hanya bila part lama masih dijual dan penggantinya benar-benar drop-in.
A32: supersession_note adalah kalimat yang akan dibaca sales ke pelanggan -- tulis manfaatnya, bukan kode teknis.
A33: PEMILIK DATA: Product Management (CR Q-5). Review kuartalan. Tanpa pemilik bernama, seluruh fitur rekomendasi membusuk dalam 6 bulan.
